Page Number,Title Number,Title Name,Link,Image,Content
Page 1,Title 1,Smartproxy Temporarily Cuts Residential Proxy Prices,https://proxyway.com,"data:image/svg+xml,%3Csvg%20xmlns='http://www.w3.org/2000/svg'%20viewBox='0%200%20201.85%2040'%3E%3C/svg%3E","
All the news from the proxy market in one place. Find out what's going on with major proxy providers. Read opinions by experts in the field. 
Write for us"
Page 1,Title 2,SOAX Launches Rotating ISP Proxies,https://proxyway.com/reviews,"data:image/svg+xml,%3Csvg%20xmlns='http://www.w3.org/2000/svg'%20viewBox='0%200%20900%20771'%3E%3C/svg%3E","All May, the provider’s proxies will cost up to 35% less."
Page 1,Title 3,Infantica Introduces Shared Datacenter Proxies,https://proxyway.com/reviews/smartproxy-proxies,"data:image/svg+xml,%3Csvg%20xmlns='http://www.w3.org/2000/svg'%20viewBox='0%200%20201.85%2040'%3E%3C/svg%3E","The service offers 100,000 IPs registered under American internet service providers."
Page 1,Title 4,"Oxylabs Adds Self-Service, New Plans To Web Scraping Products",https://proxyway.com/reviews/oxylabs-proxies,https://proxyway.com/wp-content/uploads/2020/12/twitter-icon-black.png,"Though publicly available, the product is still very much in the making."
Page 1,Title 5,Bright Data Launches Scraping Browser,https://proxyway.com/reviews/bright-data-proxies,https://proxyway.com/wp-content/uploads/2020/12/facebook-icon-black.png,The provider makes it easier to pick up its web scraping APIs and clarifies enterprise pricing.
Page 1,Title 6,"Smartproxy Launches Mobile Proxies, Social Media Scraping API",https://proxyway.com/reviews/soax-proxies,,The new product lets you control remote web browsers with built-in unblocking capabilities.
Page 1,Title 7,Oxylabs Introduces New Plans for Entry-Level and Enterprise Clients,https://proxyway.com/reviews/blazingseo-proxies,,"In one bold and one expected move, the provider further solidifies its data collection infrastructure."
Page 2,Title 1,Smartproxy Launches Pay-Per-IP Shared Datacenter Proxies,https://proxyway.com,"data:image/svg+xml,%3Csvg%20xmlns='http://www.w3.org/2000/svg'%20viewBox='0%200%20201.85%2040'%3E%3C/svg%3E","
All the news from the proxy market in one place. Find out what's going on with major proxy providers. Read opinions by experts in the field. 
Write for us"
Page 2,Title 2,Ethics of Web Data: Interview with i2Coalition,https://proxyway.com/reviews,"data:image/svg+xml,%3Csvg%20xmlns='http://www.w3.org/2000/svg'%20viewBox='0%200%20900%20771'%3E%3C/svg%3E","Starting from $0.1/IP address, the new service targets price-conscious customers."
Page 2,Title 3,Oxylabs Launches Its Fourth Scraping Tool: Real Estate Scraper API,https://proxyway.com/reviews/smartproxy-proxies,"data:image/svg+xml,%3Csvg%20xmlns='http://www.w3.org/2000/svg'%20viewBox='0%200%20201.85%2040'%3E%3C/svg%3E",An interview with the Executive Director at i2Coalition.
Page 2,Title 4,NetNut Introduces Mobile Proxy Plans,https://proxyway.com/reviews/oxylabs-proxies,https://proxyway.com/wp-content/uploads/2020/12/twitter-icon-black.png,The provider also adds two new features applicable to all scraper APIs.
Page 2,Title 5,End of Survey on Proxy Use + Some Stats,https://proxyway.com/reviews/bright-data-proxies,https://proxyway.com/wp-content/uploads/2020/12/facebook-icon-black.png,The provider now offers four proxy types – but why so secretive?
Page 2,Title 6,Proxy Ethicality: Interview with SOAX,https://proxyway.com/reviews/soax-proxies,,We asked 119 people about their proxy preferences. Here are the results.
Page 2,Title 7,Smartproxy Acquires SERPMaster,https://proxyway.com/reviews/blazingseo-proxies,,An interview with the CEO of SOAX.
Page 3,Title 1,OxyCon Day 2 Recap,https://proxyway.com,"data:image/svg+xml,%3Csvg%20xmlns='http://www.w3.org/2000/svg'%20viewBox='0%200%20201.85%2040'%3E%3C/svg%3E","
All the news from the proxy market in one place. Find out what's going on with major proxy providers. Read opinions by experts in the field. 
Write for us"
Page 3,Title 2,OxyCon Day 1 Recap,https://proxyway.com/reviews,"data:image/svg+xml,%3Csvg%20xmlns='http://www.w3.org/2000/svg'%20viewBox='0%200%20900%20771'%3E%3C/svg%3E",We run through the web scraping event’s second day.
Page 3,Title 3,Balancing Proxy Cost and Quality: Is It Worth Saving a Buck by Choosing a Cheaper Provider?,https://proxyway.com/reviews/smartproxy-proxies,"data:image/svg+xml,%3Csvg%20xmlns='http://www.w3.org/2000/svg'%20viewBox='0%200%20201.85%2040'%3E%3C/svg%3E",We run through the web scraping event’s first day.
Page 3,Title 4,Zyte to Hold Its Annual Web Scraping Conference,https://proxyway.com/reviews/oxylabs-proxies,https://proxyway.com/wp-content/uploads/2020/12/twitter-icon-black.png,"James Keenan, senior content writer from Smartproxy, shared his insights about what makes a proxy service more valuable."
Page 3,Title 5,Smartproxy Introduces a Pay-As-You-Go Plan,https://proxyway.com/reviews/bright-data-proxies,https://proxyway.com/wp-content/uploads/2020/12/facebook-icon-black.png,The fourth Web Data Extraction Summit will take place on September 29 in London.
Page 3,Title 6,"911 Proxy Service Shuts Down, Users Scramble for Alternatives",https://proxyway.com/reviews/soax-proxies,,The provider gets even more approachable to small businesses and individual users.
Page 3,Title 7,"Oxylabs Cuts Prices, Introduces a Pay-As-You-Go Plan",https://proxyway.com/reviews/blazingseo-proxies,,The popular provider of residential proxies fails to recover after a recent breach.
Page 4,Title 1,Proxy Ethicality: Interview with Blazing SEO,https://proxyway.com,"data:image/svg+xml,%3Csvg%20xmlns='http://www.w3.org/2000/svg'%20viewBox='0%200%20201.85%2040'%3E%3C/svg%3E","
All the news from the proxy market in one place. Find out what's going on with major proxy providers. Read opinions by experts in the field. 
Write for us"
Page 4,Title 2,Oxylabs Introduces Shared Datacenter Proxies,https://proxyway.com/reviews,"data:image/svg+xml,%3Csvg%20xmlns='http://www.w3.org/2000/svg'%20viewBox='0%200%20900%20771'%3E%3C/svg%3E",An interview with the CEO of Blazing SEO.
Page 4,Title 3,Proxy Ethicality: Interview with Bright Data,https://proxyway.com/reviews/smartproxy-proxies,"data:image/svg+xml,%3Csvg%20xmlns='http://www.w3.org/2000/svg'%20viewBox='0%200%20201.85%2040'%3E%3C/svg%3E",The premium provider gets more affordable.
Page 4,Title 4,"Smartproxy Adds Wallet Functionality, More Datacenter Locations, Free Trial",https://proxyway.com/reviews/oxylabs-proxies,https://proxyway.com/wp-content/uploads/2020/12/twitter-icon-black.png,An interview with the the CEO of Bright Data.
Page 4,Title 5,"IPRoyal’s Home-Grown Residential Pool Reaches 250,000 Monthly IPs",https://proxyway.com/reviews/bright-data-proxies,https://proxyway.com/wp-content/uploads/2020/12/facebook-icon-black.png,Spring brings a wealth of new features for the provider’s customers.
Page 4,Title 6,Proxy Ethicality: Interview with Oxylabs,https://proxyway.com/reviews/soax-proxies,,The growth is fostered by the provider's proxyware Pawns app.
Page 4,Title 7,Proxy Providers Stand with Ukraine,https://proxyway.com/reviews/blazingseo-proxies,,An interview with the Head of Risk Management at Oxylabs.
Page 5,Title 1,Bright Data Launches a Free VPN,https://proxyway.com,"data:image/svg+xml,%3Csvg%20xmlns='http://www.w3.org/2000/svg'%20viewBox='0%200%20201.85%2040'%3E%3C/svg%3E","
All the news from the proxy market in one place. Find out what's going on with major proxy providers. Read opinions by experts in the field. 
Write for us"
Page 5,Title 2,IPRoyal Loses One of Its Residential Proxy Pools,https://proxyway.com/reviews,"data:image/svg+xml,%3Csvg%20xmlns='http://www.w3.org/2000/svg'%20viewBox='0%200%20900%20771'%3E%3C/svg%3E",Bright VPN allows you to use different IP addresses in exchange for others using yours.
Page 5,Title 3,On Ethical Proxy IP Acquisition and Use,https://proxyway.com/reviews/smartproxy-proxies,"data:image/svg+xml,%3Csvg%20xmlns='http://www.w3.org/2000/svg'%20viewBox='0%200%20201.85%2040'%3E%3C/svg%3E",Premium Residential Proxies had to be shut down after the IP source abruptly terminated its contract.
Page 5,Title 4,Smartproxy Starts Offering Dedicated Datacenter Proxies,https://proxyway.com/reviews/oxylabs-proxies,https://proxyway.com/wp-content/uploads/2020/12/twitter-icon-black.png,"A guest article by Neil Emeigh, CEO of Blazing SEO."
Page 5,Title 5,Blazing SEO Introduces Mobile Proxy Plans,https://proxyway.com/reviews/bright-data-proxies,https://proxyway.com/wp-content/uploads/2020/12/facebook-icon-black.png,The US-only IPs start from $39 per month.
Page 5,Title 6,"Introducing: New Team Member, Isabel",https://proxyway.com/reviews/soax-proxies,,Second time’s the charm?
Page 5,Title 7,Smartproxy Launches a Visual Web Scraper Browser Extension,https://proxyway.com/reviews/blazingseo-proxies,,"Web Data Extraction Summit, a one-day event for data extraction professionals, will take place on September 30."
Page 6,Title 1,Oxylabs Signs an Exclusive Contract with Honeygain,https://proxyway.com,"data:image/svg+xml,%3Csvg%20xmlns='http://www.w3.org/2000/svg'%20viewBox='0%200%20201.85%2040'%3E%3C/svg%3E","
All the news from the proxy market in one place. Find out what's going on with major proxy providers. Read opinions by experts in the field. 
Write for us"
Page 6,Title 2,"Luminati Rebrands, Becomes Bright Data",https://proxyway.com/reviews,"data:image/svg+xml,%3Csvg%20xmlns='http://www.w3.org/2000/svg'%20viewBox='0%200%20900%20771'%3E%3C/svg%3E",The partnership bids to bolster Oxylabs' ethical proxy acquisition practices.
Page 6,Title 3,Oxylabs to Host a Webinar on the Legality of Web Scraping,https://proxyway.com/reviews/smartproxy-proxies,"data:image/svg+xml,%3Csvg%20xmlns='http://www.w3.org/2000/svg'%20viewBox='0%200%20201.85%2040'%3E%3C/svg%3E",The new brand emphasizes data collection services and transparency.
Page 6,Title 4,Smartproxy Launches Search Engine Proxies,https://proxyway.com/reviews/oxylabs-proxies,https://proxyway.com/wp-content/uploads/2020/12/twitter-icon-black.png,"Set to take place on March 4th, it will discuss the laws, challenges, and legal status of web scraping."
Page 6,Title 5,"Scrapinghub Becomes Zyte, Releases a No-Code Scraping Tool",https://proxyway.com/reviews/bright-data-proxies,https://proxyway.com/wp-content/uploads/2020/12/facebook-icon-black.png,This SERP API in disguise allows scraping Google with a 100% success rate.
Page 6,Title 6,Luminati Initiates a Data Collection Ethical Committee,https://proxyway.com/reviews/soax-proxies,,The web scraping veteran doubles down on simple data delivery.
Page 6,Title 7,NetNut to Launch a Free VPN,https://proxyway.com/reviews/blazingseo-proxies,,The provider partners up with World Ethical Data Forum to promote ethics in data collection and use.
