Page Number,Title Number,Title Name,Link
Page 1,Title 1,Smartproxy Temporarily Cuts Residential Proxy Prices,https://proxyway.com
Page 1,Title 2,SOAX Launches Rotating ISP Proxies,https://proxyway.com/reviews
Page 1,Title 3,Infantica Introduces Shared Datacenter Proxies,https://proxyway.com/reviews/smartproxy-proxies
Page 1,Title 4,"Oxylabs Adds Self-Service, New Plans To Web Scraping Products",https://proxyway.com/reviews/oxylabs-proxies
Page 1,Title 5,Bright Data Launches Scraping Browser,https://proxyway.com/reviews/bright-data-proxies
Page 1,Title 6,"Smartproxy Launches Mobile Proxies, Social Media Scraping API",https://proxyway.com/reviews/soax-proxies
Page 1,Title 7,Oxylabs Introduces New Plans for Entry-Level and Enterprise Clients,https://proxyway.com/reviews/blazingseo-proxies
Page 1,Title 8,Zyte Officially Launches Zyte API,https://proxyway.com/reviews
Page 1,Title 9,"IPRoyal Rebrands, Adds Features, Raises Prices",https://proxyway.com/best
Page 1,Title 10,SOAX Launches a Podcast on Ethical Data Collection,https://proxyway.com/lists/best-proxies
Page 1,Title 11,Oxylabs Launches Web Unblocker,https://proxyway.com/best/residential-proxies
Page 1,Title 12,Bright Data and Meta Sue One Another,https://proxyway.com/best/datacenter-proxies
Page 2,Title 1,Smartproxy Launches Pay-Per-IP Shared Datacenter Proxies,https://proxyway.com
Page 2,Title 2,Ethics of Web Data: Interview with i2Coalition,https://proxyway.com/reviews
Page 2,Title 3,Oxylabs Launches Its Fourth Scraping Tool: Real Estate Scraper API,https://proxyway.com/reviews/smartproxy-proxies
Page 2,Title 4,NetNut Introduces Mobile Proxy Plans,https://proxyway.com/reviews/oxylabs-proxies
Page 2,Title 5,End of Survey on Proxy Use + Some Stats,https://proxyway.com/reviews/bright-data-proxies
Page 2,Title 6,Proxy Ethicality: Interview with SOAX,https://proxyway.com/reviews/soax-proxies
Page 2,Title 7,Smartproxy Acquires SERPMaster,https://proxyway.com/reviews/blazingseo-proxies
Page 2,Title 8,Zyte’s 2022 Extract Summit: A Recap,https://proxyway.com/reviews
Page 2,Title 9,Jarvee Shuts Down,https://proxyway.com/best
Page 2,Title 10,Oxylabs Acquires Webshare,https://proxyway.com/lists/best-proxies
Page 2,Title 11,The i2Coalition Launches an Initiative to Make Public Data Aggregation More Ethical,https://proxyway.com/best/residential-proxies
Page 2,Title 12,"Bright Data Buys a Digital Analytics Company, Announces Bright Insights",https://proxyway.com/best/datacenter-proxies
Page 3,Title 1,OxyCon Day 2 Recap,https://proxyway.com
Page 3,Title 2,OxyCon Day 1 Recap,https://proxyway.com/reviews
Page 3,Title 3,Balancing Proxy Cost and Quality: Is It Worth Saving a Buck by Choosing a Cheaper Provider?,https://proxyway.com/reviews/smartproxy-proxies
Page 3,Title 4,Zyte to Hold Its Annual Web Scraping Conference,https://proxyway.com/reviews/oxylabs-proxies
Page 3,Title 5,Smartproxy Introduces a Pay-As-You-Go Plan,https://proxyway.com/reviews/bright-data-proxies
Page 3,Title 6,"911 Proxy Service Shuts Down, Users Scramble for Alternatives",https://proxyway.com/reviews/soax-proxies
Page 3,Title 7,"Oxylabs Cuts Prices, Introduces a Pay-As-You-Go Plan",https://proxyway.com/reviews/blazingseo-proxies
Page 3,Title 8,Blazing SEO Rebrands and Becomes Rayobyte,https://proxyway.com/reviews
Page 3,Title 9,"OxyCon, a Virtual Web Scraping Conference by Oxylabs, Returns for the Third Year",https://proxyway.com/best
Page 3,Title 10,Smartproxy Launches Three New Scraping Tools,https://proxyway.com/lists/best-proxies
Page 3,Title 11,FBI Takes Down RSocks,https://proxyway.com/best/residential-proxies
Page 3,Title 12,Bright Data Introduces Residential Proxy No-KYC Mode,https://proxyway.com/best/datacenter-proxies
Page 4,Title 1,Proxy Ethicality: Interview with Blazing SEO,https://proxyway.com
Page 4,Title 2,Oxylabs Introduces Shared Datacenter Proxies,https://proxyway.com/reviews
Page 4,Title 3,Proxy Ethicality: Interview with Bright Data,https://proxyway.com/reviews/smartproxy-proxies
Page 4,Title 4,"Smartproxy Adds Wallet Functionality, More Datacenter Locations, Free Trial",https://proxyway.com/reviews/oxylabs-proxies
Page 4,Title 5,"IPRoyal’s Home-Grown Residential Pool Reaches 250,000 Monthly IPs",https://proxyway.com/reviews/bright-data-proxies
Page 4,Title 6,Proxy Ethicality: Interview with Oxylabs,https://proxyway.com/reviews/soax-proxies
Page 4,Title 7,Proxy Providers Stand with Ukraine,https://proxyway.com/reviews/blazingseo-proxies
Page 4,Title 8,Blazing SEO Raises Funds to Support Its Stranded Ukrainian Team,https://proxyway.com/reviews
Page 4,Title 9,Oxylabs Goes on the Offensive against Bright Data,https://proxyway.com/best
Page 4,Title 10,How KYC Guidelines Protect the Proxy Market,https://proxyway.com/lists/best-proxies
Page 4,Title 11,How to Safeguard the Proxy Industry,https://proxyway.com/best/residential-proxies
Page 4,Title 12,Foot Locker Is Introducing Raffle-Based Online Sneaker Releases,https://proxyway.com/best/datacenter-proxies
Page 5,Title 1,Bright Data Launches a Free VPN,https://proxyway.com
Page 5,Title 2,IPRoyal Loses One of Its Residential Proxy Pools,https://proxyway.com/reviews
Page 5,Title 3,On Ethical Proxy IP Acquisition and Use,https://proxyway.com/reviews/smartproxy-proxies
Page 5,Title 4,Smartproxy Starts Offering Dedicated Datacenter Proxies,https://proxyway.com/reviews/oxylabs-proxies
Page 5,Title 5,Blazing SEO Introduces Mobile Proxy Plans,https://proxyway.com/reviews/bright-data-proxies
Page 5,Title 6,"Introducing: New Team Member, Isabel",https://proxyway.com/reviews/soax-proxies
Page 5,Title 7,Smartproxy Launches a Visual Web Scraper Browser Extension,https://proxyway.com/reviews/blazingseo-proxies
Page 5,Title 8,Zyte to Hold a Virtual Web Scraping Conference,https://proxyway.com/reviews
Page 5,Title 9,Oxylabs to Host a Virtual Web Scraping Conference,https://proxyway.com/best
Page 5,Title 10,Oxylabs Launches a Browser Extension for Google Chrome,https://proxyway.com/lists/best-proxies
Page 5,Title 11,Smartproxy Launches an Anonymous Browser,https://proxyway.com/best/residential-proxies
Page 5,Title 12,"NetNut Launches New Proxy Types, Self-Service",https://proxyway.com/best/datacenter-proxies
Page 6,Title 1,Oxylabs Signs an Exclusive Contract with Honeygain,https://proxyway.com
Page 6,Title 2,"Luminati Rebrands, Becomes Bright Data",https://proxyway.com/reviews
Page 6,Title 3,Oxylabs to Host a Webinar on the Legality of Web Scraping,https://proxyway.com/reviews/smartproxy-proxies
Page 6,Title 4,Smartproxy Launches Search Engine Proxies,https://proxyway.com/reviews/oxylabs-proxies
Page 6,Title 5,"Scrapinghub Becomes Zyte, Releases a No-Code Scraping Tool",https://proxyway.com/reviews/bright-data-proxies
Page 6,Title 6,Luminati Initiates a Data Collection Ethical Committee,https://proxyway.com/reviews/soax-proxies
Page 6,Title 7,NetNut to Launch a Free VPN,https://proxyway.com/reviews/blazingseo-proxies
Page 6,Title 8,Oxylabs Releases Real-Time Crawler Browser Integration,https://proxyway.com/reviews
Page 6,Title 9,Luminati Releases a New Tool for Scraping Search Engines,https://proxyway.com/best
Page 6,Title 10,"Smartproxy Adds US States, Increases Rotation Time",https://proxyway.com/lists/best-proxies
Page 6,Title 11,Introducing: Proxyway News Feed!,https://proxyway.com/best/residential-proxies
