Page Number,Title Number,Title Name
Page 1,Title 1,Web Scraping with Beautiful Soup: An Easy Tutorial for Beginners with Python
Page 1,Title 2,The Best Programming Languages for Web Scraping: An Ultimate List
Page 1,Title 3,How to Use Proxies with Python Requests
Page 1,Title 4,Puppeteer vs Selenium: Which One to Use?
Page 1,Title 5,How to Set Up a Proxy with Selenium using Python
Page 1,Title 6,How to Set Up Proxies with Puppeteer
Page 1,Title 7,7 Python Web Scraping Projects: Ideas for Beginners and Advanced Users
Page 1,Title 8,Web Scraping with Python: All You Need to Get Started
Page 1,Title 9,How to Create an Amazon Stealth Account: A Practical Guide
Page 1,Title 10,An Overview of Python Web Scraping Libraries
Page 1,Title 11,The Main Web Scraping Techniques: A Practical Guide
Page 1,Title 12,Main Uses of Web Scraping: 9 Reasons to Start Gathering Data
Page 2,Title 1,How to Scrape Facebook
Page 2,Title 2,How to Scrape Twitter
Page 2,Title 3,Web Scraping Best Practices: A Guide to Successful Web Scraping
Page 2,Title 4,Main Web Scraping Challenges and Ways to Overcome Them
Page 2,Title 5,What Are Social Media Proxies: A Handy Guide
Page 2,Title 6,How to Choose a Proxy Service?
Page 2,Title 7,What Is a Proxy Service and Why Do You Need One?
Page 2,Title 8,How to Scrape Instagram
Page 2,Title 9,How to Create Multiple Facebook Accounts
Page 2,Title 10,The Main Proxy Error Codes and How to Fix Them
Page 2,Title 11,What Is Social Media Scraping and Why Should You Care About It?
Page 2,Title 12,Overview of Social Media Automation Methods
Page 3,Title 1,What Are Proxies? Your Go-To Guide in 2023
Page 3,Title 2,Open Proxy Instagram Error: What to Do About It
Page 3,Title 3,How to Manage Social Media Accounts for Multiple Clients
Page 3,Title 4,All About Reddit Proxies and Where to Get Them
Page 3,Title 5,Best Websites to Practice Your Web Scraping Skills
Page 3,Title 6,Virgin Proxies: Real or Myth in 2023?
Page 3,Title 7,What Is a Proxy Subnet and Why Do They Matter?
Page 3,Title 8,The Differences between Residential and ISP Proxies
Page 3,Title 9,What Is IP Rotation? Ways to Rotate an IP Address
Page 3,Title 10,Datacenter Proxies for Sneakers: A Good Idea in 2023?
Page 3,Title 11,How to Jig Your Address (and More) for Sneaker Botting
Page 3,Title 12,Is Sneaker Botting Still Worth It in 2023?
Page 4,Title 1,How to Get a Sneaker Bot
Page 4,Title 2,What Are SEO Proxies?
Page 4,Title 3,How to Use Proxifier: Instructions & 4 Common Scenarios
Page 4,Title 4,What Are Elite Proxies? A Handy Guide
Page 4,Title 5,Essential NFT Slang Terms Every Beginner Should Know
Page 4,Title 6,Wrath AIO Sneaker Bot Review
Page 4,Title 7,A Guide to Antidetect Browsers
Page 4,Title 8,Black Friday 2022: Best Proxy Deals
Page 4,Title 9,Balkobot Review 2023: Is It Really Worth the Hype?
Page 4,Title 10,Kodai AIO Sneaker Bot Review
Page 4,Title 11,Prism AIO Sneaker Bot Review
Page 4,Title 12,Static vs Rotating Proxies: A Comparison
Page 5,Title 1,Sticky or Rotating Proxies: Which to Use?
Page 5,Title 2,Important Sneakerhead Slang You Should Know as a Beginner
Page 5,Title 3,"What is a Mobile Proxy (3G, 4G, 5G Proxy?) A Guide"
Page 5,Title 4,How to Use cURL with a Proxy
Page 5,Title 5,What Are Rotating Proxies? A Comprehensive Guide
Page 5,Title 6,Everything about Instagram IP Ban
Page 5,Title 7,What Are ISP Proxies (Static Residential Proxies)? A Guide
Page 5,Title 8,What Are Shared Proxies and When to Use Them?
Page 5,Title 9,Jarvee Review
Page 5,Title 10,Proxy Anonymity Levels: Why Do They Matter?
Page 5,Title 11,How to Use Proxy SwitchyOmega on Chrome
Page 5,Title 12,How to Successfully Cop Yeezys with a Bot
Page 6,Title 1,Dedicated Proxies: All You Need to Know
Page 6,Title 2,Datacenter vs Residential Proxies: A Comparison
Page 6,Title 3,CAPTCHA Proxies: Why Are the Best Sneakerheads Using Them?
Page 6,Title 4,What Is an Anonymous Proxy and How Can It Benefit You?
Page 6,Title 5,How to Use FoxyProxy on Chrome and Firefox
Page 6,Title 6,Transparent Proxy: What Is It and How Does It Work?
Page 6,Title 7,How to Scrape Google Search Results
Page 6,Title 8,How to Bypass CAPTCHAs When Web Scraping
Page 6,Title 9,Android Proxy Settings: How to Use a Proxy on Android
Page 6,Title 10,Scrapy vs Beautiful Soup vs Selenium – Which One to Use?
Page 6,Title 11,How to Configure Proxy on iPhone
Page 6,Title 12,What Is a Headless Browser?
Page 7,Title 1,Web Crawling vs Web Scraping – How Do They Compare?
Page 7,Title 2,What Is Data Parsing and What’s It For?
Page 7,Title 3,What Is Web Scraping: The Ultimate Beginner’s Guide
Page 7,Title 4,How to Set Up a Proxy Server: Configuration Instructions
Page 7,Title 5,How to Set Up a Proxy Server & Change Proxy Settings on Mac
Page 7,Title 6,What Are Backconnect Proxies? A Practical Guide
Page 7,Title 7,What Is a Cook Group? Sneaker Cook Groups Explained
Page 7,Title 8,A Sneaker Server: When to Use and Where to Get One
Page 7,Title 9,IPv4 vs IPv6 Proxy Servers: How Do They Compare?
Page 7,Title 10,Copping Shoes in 2023: A Complete Guide
Page 7,Title 11,What Are Datacenter Proxies? The Beginner’s Guide
Page 7,Title 12,How to Set Up Chrome Proxy Settings
Page 8,Title 1,Firefox Proxy Settings: Step-by-Step Tutorial
Page 8,Title 2,What Are Residential Proxies? A Comprehensive Guide
Page 8,Title 3,How to Set Up a Proxy on Windows 10: In-depth Guide
Page 8,Title 4,Why Use a Proxy Server?
Page 8,Title 5,The Different Types of Proxies Explained
Page 8,Title 6,What Is a Sneaker Bot and How Does It Work in 2023?
Page 8,Title 7,Another Nike Bot: Nike SNKRS Bot Review
Page 8,Title 8,Should You Still Use Better Nike Bot in 2023? BNB Bot Review
Page 8,Title 9,AIO Bot Review
Page 8,Title 10,Cybersole Review
Page 8,Title 11,Octoparse Review
Page 8,Title 12,The Real Size of Residential Proxy Pools
Page 9,Title 1,ParseHub Review
Page 9,Title 2,Snake Oil Salesmen: Are Top Online Marketplaces Doing Enough to Stop Covid-19 Fraud on Their Platforms?
Page 9,Title 3,Nike Shoe Bot Review
Page 9,Title 4,2 Reasons You Should Never Use a Free Proxy Again
Page 9,Title 5,How to Test Proxies
Page 9,Title 6,What is a Reverse Proxy Server? Simply and Clearly
Page 9,Title 7,Unblocking Instagram With Proxies
Page 9,Title 8,Proxy vs VPN: What Are the Differences?
Page 9,Title 9,How to Browse Anonymously
Page 9,Title 10,The Truth Behind HolaVPN and Luminati
Page 9,Title 1,ParseHub Review
Page 9,Title 2,Snake Oil Salesmen: Are Top Online Marketplaces Doing Enough to Stop Covid-19 Fraud on Their Platforms?
Page 9,Title 3,Nike Shoe Bot Review
Page 9,Title 4,2 Reasons You Should Never Use a Free Proxy Again
Page 9,Title 5,How to Test Proxies
Page 9,Title 6,What is a Reverse Proxy Server? Simply and Clearly
Page 9,Title 7,Unblocking Instagram With Proxies
Page 9,Title 8,Proxy vs VPN: What Are the Differences?
Page 9,Title 9,How to Browse Anonymously
Page 9,Title 10,The Truth Behind HolaVPN and Luminati
